{"cardinality_error": 8.328125, "cardinality_error_0": 24.984375, "cardinality_error_1": 13.15625, "cardinality_error_2": 9.140625, "cardinality_error_3": 9.15625, "cardinality_error_4": 8.625, "class_error": 100.0, "data_time": 0.39915539452340454, "eta_seconds": 116530.10299104033, "iteration": 19, "loss_bbox": 1.1371972560882568, "loss_bbox_0": 1.1484463810920715, "loss_bbox_1": 1.1362432837486267, "loss_bbox_2": 1.1363142132759094, "loss_bbox_3": 1.1392820477485657, "loss_bbox_4": 1.1329054832458496, "loss_ce": 1.9652223587036133, "loss_ce_0": 2.2502403259277344, "loss_ce_1": 2.1576284170150757, "loss_ce_2": 2.050106644630432, "loss_ce_3": 1.974842131137848, "loss_ce_4": 1.9507936239242554, "loss_giou": 1.6048280000686646, "loss_giou_0": 1.6148255467414856, "loss_giou_1": 1.6230518817901611, "loss_giou_2": 1.6088212728500366, "loss_giou_3": 1.628597378730774, "loss_giou_4": 1.6316534280776978, "lr": 0.0001, "time": 1.4569905350217596, "total_loss": 192.25095427036285}
{"cardinality_error": 7.5625, "cardinality_error_0": 7.65625, "cardinality_error_1": 7.671875, "cardinality_error_2": 7.671875, "cardinality_error_3": 7.671875, "cardinality_error_4": 7.671875, "class_error": 100.0, "data_time": 0.39755823486484587, "eta_seconds": 116066.0935739521, "iteration": 39, "loss_bbox": 0.8928020298480988, "loss_bbox_0": 0.9196938574314117, "loss_bbox_1": 0.8943941593170166, "loss_bbox_2": 0.899804562330246, "loss_bbox_3": 0.9009736180305481, "loss_bbox_4": 0.8912733793258667, "loss_ce": 1.6729683876037598, "loss_ce_0": 1.822540283203125, "loss_ce_1": 1.736818552017212, "loss_ce_2": 1.699169933795929, "loss_ce_3": 1.6862691044807434, "loss_ce_4": 1.6740906834602356, "loss_giou": 1.4223325848579407, "loss_giou_0": 1.4749211072921753, "loss_giou_1": 1.4367417097091675, "loss_giou_2": 1.4316686987876892, "loss_giou_3": 1.4328469634056091, "loss_giou_4": 1.4199626445770264, "lr": 0.0001, "time": 1.4440018660388887, "total_loss": 170.10048428177834}
{"cardinality_error": 7.34375, "cardinality_error_0": 7.71875, "cardinality_error_1": 7.671875, "cardinality_error_2": 7.671875, "cardinality_error_3": 7.671875, "cardinality_error_4": 7.671875, "class_error": 99.28194427490234, "data_time": 0.4015621554572135, "iteration": 47, "loss_bbox": 0.8446389436721802, "loss_bbox_0": 0.8923096358776093, "loss_bbox_1": 0.8780393004417419, "loss_bbox_2": 0.850474625825882, "loss_bbox_3": 0.8405972421169281, "loss_bbox_4": 0.8476784229278564, "loss_ce": 1.5986994504928589, "loss_ce_0": 1.7235730290412903, "loss_ce_1": 1.6615934371948242, "loss_ce_2": 1.6298288702964783, "loss_ce_3": 1.6132770776748657, "loss_ce_4": 1.597609281539917, "loss_giou": 1.3969732522964478, "loss_giou_0": 1.4461520314216614, "loss_giou_1": 1.41338449716568, "loss_giou_2": 1.4064976572990417, "loss_giou_3": 1.3936797380447388, "loss_giou_4": 1.3972453474998474, "lr": 0.0001, "time": 1.4548744345083833, "total_loss": 167.979998588562}
{"eta_seconds": 116318.66591337975, "iteration": 48}
{"cardinality_error": 8.4375, "cardinality_error_0": 8.578125, "cardinality_error_1": 8.4375, "cardinality_error_2": 8.53125, "cardinality_error_3": 8.375, "cardinality_error_4": 8.375, "class_error": 100.0, "data_time": 0.38933085789904, "eta_seconds": 116493.00382261164, "iteration": 19, "loss_bbox": 1.1334827542304993, "loss_bbox_0": 1.1226205229759216, "loss_bbox_1": 1.1017478108406067, "loss_bbox_2": 1.1109216809272766, "loss_bbox_3": 1.0983710885047913, "loss_bbox_4": 1.1177295446395874, "loss_ce": 1.9807116985321045, "loss_ce_0": 2.157232165336609, "loss_ce_1": 2.103242874145508, "loss_ce_2": 2.0546553134918213, "loss_ce_3": 2.0063703656196594, "loss_ce_4": 1.9830235838890076, "loss_giou": 1.6773635149002075, "loss_giou_0": 1.6724432110786438, "loss_giou_1": 1.6581130623817444, "loss_giou_2": 1.6742877960205078, "loss_giou_3": 1.6861416101455688, "loss_giou_4": 1.6793081760406494, "lr": 0.0001, "time": 1.4565266794525087, "total_loss": 178.4409476518631}
{"cardinality_error": 8.125, "cardinality_error_0": 8.140625, "cardinality_error_1": 8.140625, "cardinality_error_2": 8.140625, "cardinality_error_3": 8.140625, "cardinality_error_4": 8.140625, "class_error": 100.0, "data_time": 0.38832733349408954, "eta_seconds": 116803.546607038, "iteration": 39, "loss_bbox": 0.9163005352020264, "loss_bbox_0": 0.9381730556488037, "loss_bbox_1": 0.9295531213283539, "loss_bbox_2": 0.9188550412654877, "loss_bbox_3": 0.9117140173912048, "loss_bbox_4": 0.9120864570140839, "loss_ce": 1.7142276763916016, "loss_ce_0": 1.803430438041687, "loss_ce_1": 1.7824740409851074, "loss_ce_2": 1.7644652724266052, "loss_ce_3": 1.73683363199234, "loss_ce_4": 1.7284252047538757, "loss_giou": 1.445920705795288, "loss_giou_0": 1.5009402632713318, "loss_giou_1": 1.463835060596466, "loss_giou_2": 1.450249195098877, "loss_giou_3": 1.455521583557129, "loss_giou_4": 1.454448938369751, "lr": 0.0001, "time": 1.4619738789042458, "total_loss": 173.82734534144402}
{"cardinality_error": 7.984375, "cardinality_error_0": 8.0, "cardinality_error_1": 8.0, "cardinality_error_2": 8.0, "cardinality_error_3": 8.0, "cardinality_error_4": 8.0, "class_error": 100.0, "data_time": 0.38950766855850816, "iteration": 43, "loss_bbox": 0.8449421226978302, "loss_bbox_0": 0.8906008005142212, "loss_bbox_1": 0.8666970729827881, "loss_bbox_2": 0.8682949542999268, "loss_bbox_3": 0.853420615196228, "loss_bbox_4": 0.8476755321025848, "loss_ce": 1.6345252990722656, "loss_ce_0": 1.7566800117492676, "loss_ce_1": 1.7111578583717346, "loss_ce_2": 1.6868853569030762, "loss_ce_3": 1.6489844918251038, "loss_ce_4": 1.6407206058502197, "loss_giou": 1.4175427556037903, "loss_giou_0": 1.4741060733795166, "loss_giou_1": 1.4471098184585571, "loss_giou_2": 1.4373329877853394, "loss_giou_3": 1.4284446835517883, "loss_giou_4": 1.4298686981201172, "lr": 0.0001, "time": 1.460774719947949, "total_loss": 171.73486068844795}
{"eta_seconds": 116892.12148778897, "iteration": 44}
